id,model_a,model_b,tie
136060,0.10366803196806856,0.36587043584373585,0.5304615321881956
211333,0.5968193557844874,0.18827035551994944,0.21491028869556322
1233961,0.22497663768954607,0.5728248467537691,0.20219851555668492
